# movieMap mood scores, catalogue expansion 5/9. Anchors as documented in batch-01.tsv.
id	weight	humor	pace	demand	realism	warmth	scale	outlook	drive	attention	tension	nostalgia
2280	5	5	7	3	10	7	6	5	5	3	6	3
2281	6	6	5	5	1	8	4	7	6	5	8	9
2282	8	9	6	7	1	8	7	8	5	6	9	7
2283	7	6	4	6	1	9	4	8	7	6	8	4
2284	1	0	6	1	3	1	4	1	5	2	3	5
2285	6	7	4	5	1	5	4	5	5	5	5	9
2286	7	6	4	4	2	3	6	5	5	4	6	5
2287	2	1	5	2	8	1	4	2	5	2	3	8
2288	5	6	5	3	3	5	7	5	5	3	6	8
2289	7	7	3	5	2	8	3	7	7	6	9	9
2290	3	2	7	2	9	4	6	3	5	2	5	7
2291	6	3	7	5	3	7	4	6	7	4	8	5
2292	3	4	8	1	10	5	6	3	5	1	6	5
2293	3	1	3	3	3	1	4	3	7	3	3	10
2294	2	0	6	2	3	6	4	3	5	2	3	3
2296	8	7	4	5	1	4	4	7	7	5	6	5
2297	1	1	5	1	3	1	4	1	5	1	3	5
2301	3	3	8	1	9	4	6	3	4	1	6	5
2367	5	6	5	5	1	6	4	4	5	6	7	7
2312	3	4	7	2	10	4	7	3	4	2	6	6
2322	3	4	7	2	10	3	7	3	4	2	5	4
2393	7	8	5	5	2	7	9	6	6	5	7	8
2320	9	7	2	7	1	8	6	9	8	6	6	4
2337	9	9	3	8	1	9	3	9	7	6	9	4
2342	3	3	7	2	5	3	6	2	3	3	6	6
2360	8	8	3	5	2	6	3	8	7	5	6	3
2369	6	8	5	5	2	7	8	6	6	5	7	8
2370	7	5	4	3	1	2	3	5	6	4	5	5
2371	10	10	1	9	2	9	3	10	9	7	8	7
2376	3	2	5	5	3	2	5	3	7	4	3	9
2328	0	0	8	1	10	1	5	1	6	1	3	4
2332	2	1	7	1	5	2	6	2	4	2	5	7
2349	6	7	7	3	9	8	5	6	5	3	9	3
2352	2	1	6	1	2	2	4	2	5	2	3	3
2374	8	9	4	6	1	7	5	8	6	5	8	9
2302	8	9	3	7	4	9	6	9	8	6	8	8
2303	5	6	6	3	10	6	7	5	5	3	6	4
2304	6	7	4	6	1	7	4	5	6	6	6	9
2305	5	6	6	3	10	5	7	4	5	3	6	7
2306	8	8	1	8	1	9	6	8	9	7	8	7
2307	6	3	5	5	1	6	5	6	6	5	7	7
2308	2	2	5	3	2	4	5	2	6	3	5	9
2309	5	4	5	4	1	5	4	5	6	4	5	8
2310	3	0	7	4	9	5	6	3	6	2	4	4
2311	6	8	6	5	1	8	5	6	5	6	9	7
2313	6	6	3	6	1	4	6	5	7	6	6	9
2314	5	3	4	6	1	4	4	6	9	5	4	9
2315	2	1	7	1	10	3	6	2	5	1	4	7
2316	3	3	5	2	3	2	7	3	6	2	4	9
2317	4	2	6	3	10	5	6	4	6	3	5	8
2318	6	5	7	3	3	7	6	6	5	3	8	8
2319	8	5	3	10	3	9	4	9	9	7	6	4
2321	7	8	9	4	9	8	8	7	7	4	9	4
2323	2	3	5	1	10	1	7	1	5	2	4	7
2324	8	6	1	9	5	8	5	8	10	7	6	8
2325	4	2	7	3	10	4	7	4	6	3	6	5
2326	2	1	6	1	2	1	4	1	5	2	3	4
2327	1	1	6	1	7	2	5	1	4	1	4	7
2329	2	2	4	2	1	1	4	2	6	3	3	7
2330	5	7	6	4	2	7	5	5	5	5	9	6
2331	5	4	5	4	1	5	4	5	6	4	5	6
2366	6	6	6	3	1	4	5	4	5	4	7	7
2333	2	0	5	2	3	3	3	2	5	2	3	3
2334	5	7	7	3	3	7	5	5	4	4	8	3
2335	8	8	4	6	1	8	6	8	6	6	8	4
2336	9	6	3	6	1	7	3	8	8	5	7	4
2338	3	0	7	3	9	5	5	3	5	2	4	3
2339	8	9	3	8	9	9	6	8	9	7	9	3
2340	7	8	4	6	1	8	5	7	5	7	8	5
2341	5	2	6	2	8	2	5	4	5	2	4	6
2343	1	0	7	2	4	1	5	1	5	1	3	9
2344	10	9	3	7	1	8	3	10	8	5	7	4
2345	7	8	4	6	2	7	8	8	6	6	7	8
2346	2	0	6	2	3	3	3	2	5	2	3	5
2347	3	2	5	2	1	1	3	2	5	2	4	4
2348	8	9	6	5	4	10	3	9	5	5	10	3
2350	7	7	3	6	1	9	4	7	7	6	7	7
2351	1	0	7	2	8	4	4	2	5	1	3	3
2353	4	5	7	2	5	6	5	4	4	3	8	3
2354	4	4	4	4	1	4	4	4	7	4	4	9
2355	7	8	8	4	8	7	6	7	6	4	10	2
2356	4	5	7	2	10	5	8	4	4	2	6	5
2357	6	8	6	3	9	8	7	6	5	3	7	3
2358	3	2	6	2	10	3	7	3	5	2	5	7
2359	4	4	6	2	10	4	7	3	4	3	6	5
2361	5	6	4	5	6	6	5	5	7	5	6	9
2362	1	1	5	0	2	1	4	1	5	1	3	5
2363	1	0	6	1	3	1	3	1	5	1	3	5
2364	2	1	7	1	6	2	6	1	5	1	4	7
2365	6	7	5	4	9	7	5	6	6	4	8	3
2368	4	5	5	3	2	4	5	4	6	3	6	6
2372	7	9	3	6	1	7	8	5	8	6	8	7
2373	6	8	2	6	1	6	4	6	9	5	5	9
2375	5	4	5	4	1	3	5	4	5	5	6	10
2377	5	4	5	7	1	7	4	5	7	7	6	9
2378	8	8	1	6	1	7	4	8	8	6	5	10
2379	7	7	5	5	1	8	5	8	6	5	8	6
2380	7	7	3	6	1	6	4	7	7	5	7	9
2381	3	1	7	3	9	3	6	2	5	2	5	6
2382	7	3	4	8	2	9	3	8	7	6	7	7
2383	3	2	8	2	4	4	5	3	4	2	7	5
2384	8	8	4	5	8	9	4	9	6	5	9	6
2385	1	0	7	3	4	3	5	1	6	2	2	10
2386	2	1	7	1	4	2	5	2	4	2	5	7
2387	10	10	3	9	1	9	7	10	8	7	10	6
2388	3	1	6	2	4	3	6	2	5	3	5	7
2389	5	4	7	2	9	7	4	5	5	2	8	5
2390	3	3	9	1	6	5	5	3	4	1	7	3
2391	7	5	4	8	4	9	4	8	10	5	7	3
2392	5	3	4	6	1	4	3	6	8	5	5	9
2394	1	0	6	1	4	3	4	1	5	1	3	7
2395	4	5	8	1	5	5	6	3	3	2	9	4
2396	2	0	6	2	3	3	3	2	5	2	3	3
2397	6	7	7	4	3	8	2	6	5	4	10	3
2438	3	3	7	2	5	3	7	2	3	3	6	6
2470	3	3	8	3	5	4	6	3	4	4	6	3
2471	8	8	0	9	1	7	6	7	10	7	4	6
2481	5	4	4	3	2	2	5	4	6	4	4	10
2480	9	9	2	8	1	8	8	8	8	7	7	8
2502	1	0	8	1	5	2	5	1	4	1	5	3
2485	9	9	3	8	2	8	4	9	8	6	8	8
2407	7	3	6	9	6	8	4	7	9	6	8	6
2403	6	6	6	6	1	8	4	7	6	7	8	9
2398	6	6	5	5	1	8	3	7	6	6	9	9
2399	7	7	3	7	2	8	4	7	7	6	7	8
2400	8	8	4	6	1	7	5	7	5	5	8	6
2401	8	8	3	7	1	7	6	8	7	6	8	9
2402	9	9	0	10	4	7	6	7	10	8	6	7
2404	6	4	5	6	5	3	5	6	9	5	5	9
2405	2	0	6	2	4	3	5	1	5	2	4	7
2406	1	0	7	3	6	4	4	1	6	2	3	4
2408	6	5	3	8	4	8	3	6	9	7	5	8
2409	3	3	7	2	4	4	5	3	5	2	6	8
2410	5	8	7	5	2	8	5	5	5	6	8	5
2411	4	4	6	2	10	3	7	4	5	2	6	7
2412	5	4	4	6	1	6	3	5	5	7	7	9
2413	5	2	8	4	6	7	5	4	7	2	7	5
2414	4	3	5	3	1	3	6	3	5	4	5	8
2415	6	7	5	5	8	7	7	6	6	5	6	2
2416	6	8	4	7	8	8	5	7	8	6	6	7
2417	7	8	3	5	2	7	5	8	8	5	6	10
2418	10	9	4	7	1	8	3	10	7	5	9	5
2419	5	4	6	3	8	3	6	4	5	3	7	9
2420	7	8	3	5	2	7	9	7	7	5	6	8
2421	6	5	7	4	8	8	5	7	6	3	8	6
2422	1	1	5	2	3	2	4	1	6	2	2	9
2423	9	10	1	9	1	10	5	9	9	8	8	8
2424	8	8	3	7	4	9	4	8	9	6	10	9
2426	5	4	4	5	1	4	8	3	6	6	6	8
2427	4	3	8	1	5	5	6	3	3	2	8	3
2428	6	8	4	6	7	6	8	6	9	5	6	8
2430	7	8	5	4	5	9	3	8	6	4	9	4
2431	7	7	2	6	1	7	4	8	9	5	4	10
2432	2	1	4	1	1	1	4	1	5	2	2	5
2433	4	4	7	2	9	5	7	4	5	2	6	6
2434	1	1	6	0	9	1	4	1	4	1	3	4
2435	9	7	5	10	8	10	6	9	9	8	9	4
2437	3	3	6	2	9	2	6	2	5	3	5	9
2439	5	7	7	4	4	7	5	5	4	5	8	3
2440	2	0	6	2	3	3	4	2	5	2	4	5
2441	4	3	4	4	1	3	5	3	6	4	4	6
2443	6	7	6	3	6	9	3	7	5	3	9	4
2444	5	6	8	3	9	7	7	5	4	3	7	3
2445	5	7	8	3	4	7	6	5	4	4	8	2
2446	2	0	6	1	3	3	4	2	5	1	3	3
2447	6	7	7	4	4	8	4	6	6	4	8	5
2448	6	7	9	4	8	8	6	7	7	3	9	5
2449	2	1	7	1	4	2	5	2	4	2	5	7
2450	7	9	1	8	1	9	5	7	9	9	7	8
2452	7	8	4	6	8	9	2	8	7	6	9	3
2453	4	5	8	3	9	6	6	4	5	3	6	3
2454	2	0	7	1	5	3	5	2	4	2	4	5
2455	2	1	7	1	10	2	6	1	5	2	4	6
2456	6	8	8	2	4	7	6	6	3	3	9	2
2458	8	7	3	6	1	8	4	8	7	6	8	7
2459	3	3	8	1	9	4	7	3	4	2	6	4
2460	3	2	6	1	10	2	5	3	5	1	4	8
2461	7	7	2	5	9	4	5	7	8	4	4	5
2462	1	1	6	0	9	2	4	1	4	1	3	5
2463	5	6	8	2	9	8	5	6	5	2	9	4
2464	6	5	3	4	1	3	6	4	6	4	6	8
2465	5	2	10	4	7	8	4	5	7	2	8	3
2466	2	1	7	1	9	3	6	2	4	2	4	4
2467	1	0	8	1	5	2	4	1	5	1	5	4
2468	8	9	1	8	1	8	3	8	10	6	5	8
2469	6	7	6	4	3	8	4	6	5	5	8	3
2472	4	3	7	2	10	5	5	4	5	2	5	3
2473	4	4	7	1	7	6	4	4	4	2	8	3
2474	6	8	4	3	7	8	3	6	5	3	9	6
2475	1	0	6	1	3	1	4	1	5	1	3	4
2476	1	0	6	1	5	2	4	1	4	1	3	4
2477	3	1	6	4	9	4	6	3	6	4	4	4
2478	2	1	7	2	3	2	5	2	5	3	5	8
2479	6	7	7	4	9	8	7	6	5	4	7	5
2482	10	10	1	10	1	10	5	10	10	8	9	6
2483	1	1	6	1	4	1	5	1	6	1	2	8
2484	2	1	7	1	9	2	5	2	5	2	4	5
2486	5	4	5	4	2	8	3	6	6	4	6	5
2487	6	6	5	5	10	7	9	5	6	6	6	4
2488	5	8	5	5	1	8	5	5	5	6	9	7
